Chr	Start	End	Ref	Alt	a+	b+	a-	b-	depth0	read0	Q0
chr11	397665	397665	G	C	0.36676	8.95745	0.61473	35.30146	36	C$gggGGggcGgGcggCcGgggGgGgcGCgggcgggg	qIIIqqIIIIIIIIIIIIIIIIIIIIIIIIIIIIII
chr11	562012	562012	C	T	0.53272	28.668429999999997	0.1	8.50935	19	cccTcCCCcCCCTCTCTCT	IIIqIIIIIIIIIIIIIII
chr11	824202	824202	C	A	0.1	11.288689999999999	0.57576	23.1892	29	cccaacccacacaaccacccCCCCcCCCC	IIIIIIIIIIIIIIIIIIIIIIIIIIIII
chr11	1013896	1013896	C	T	1.3192700000000002	44.27128	0.1	4.77399	41	TTCCCCCCCTCTCCCccCCCCCtCccCCCTCcTcCCCCcTC	IqIIIIIqqIIIIIIIIIIIIIIIIIIIIIIIIIIIIIIII
chr11	1081746	1081746	G	C	0.52812	16.77498	0.28031	22.49375	49	G$GgGccCGgCCcgGGGGggCGcgGGGgggcgcCgggcgggGgGGcgCcC	IqIIIIqIIIIIIIIIIIIIIIIIIIIIIIIIIIIIIIIIIIIIIIIII
chr11	1277322	1277322	G	T	0.2365	20.55195	0.1	1.0	29	GGGGGTTGGGTGGTTGTGGTGGGTGGTGG	IIIIIIIIqIIIIIIIIIIIIIIIIIIII
chr11	2418116	2418116	C	A	0.1	4.13009	1.8057299999999998	65.08891	40	C$aACccccACAAcAccacacAaccaccaaccaccccacac	IIIIIIIIIIIIIIIIIIIIIIIIIIIIIIIIIIIIIIII
chr11	3680752	3680752	G	A	0.1	10.904000000000002	0.1	1.0	23	GGAGAAGAGAGAGGAGGGGAGAA	IIIIIIIIIIIIIIIIIIIIIII
chr11	5012707	5012707	C	G	0.1	6.42427	0.20329	14.35131	41	C$CgGgGGGCCCCgCCcGCccgccCCgGgCgCCGggccccCc	qIIqIqIqqIIIIIIIIIIIIIIIIIIIIIIIIIIIIIIII
chr11	5221726	5221726	A	G	2.85573	100.92276	1.28342	65.81349	49	AGaAgAAAggaAAAaaaaAAgGAAGAaaaAaAagAgaaaaGgGgGaAG^]A	IIIIIqIqIIIqIIIIIIIIIIIIIIIIIIIIIIIIIIIIIIIIIIIII
